{"initial_reset_timestamp": 1711953566.5961797, "timestamps": [1711953573.1295173, 1711953577.2321253, 1711953581.169317], "episode_lengths": [10, 10, 10], "episode_rewards": [-9.0, -4.899999976158142, -6.0], "episode_types": ["t", "t", "t"]}